entity_id,state,last_changed
sensor.washing_machine_power,0.321,2025-09-17T16:00:00.000Z
sensor.washing_machine_power,0.3,2025-09-17T16:04:03.154Z
sensor.washing_machine_power,0.321,2025-09-17T16:09:06.256Z
sensor.washing_machine_power,0.315,2025-09-17T16:14:09.346Z
sensor.washing_machine_power,0.32,2025-09-17T16:19:12.431Z
sensor.washing_machine_power,0.319,2025-09-17T16:24:15.557Z
sensor.washing_machine_power,0.314,2025-09-17T16:29:18.634Z
sensor.washing_machine_power,3.516,2025-09-17T16:33:16.046Z
sensor.washing_machine_power,49.336,2025-09-17T16:33:21.118Z
sensor.washing_machine_power,30.337,2025-09-17T16:33:26.163Z
sensor.washing_machine_power,21.5,2025-09-17T16:33:31.218Z
sensor.washing_machine_power,12.918,2025-09-17T16:33:36.274Z
sensor.washing_machine_power,20.182,2025-09-17T16:33:41.323Z
sensor.washing_machine_power,686.294,2025-09-17T16:33:46.668Z
sensor.washing_machine_power,2547.781,2025-09-17T16:33:47.565Z
sensor.washing_machine_power,2510.986,2025-09-17T16:34:17.824Z
sensor.washing_machine_power,2534.41,2025-09-17T16:39:20.902Z
sensor.washing_machine_power,53.011,2025-09-17T16:42:17.694Z
sensor.washing_machine_power,50.22,2025-09-17T16:42:28.954Z
sensor.washing_machine_power,15.964,2025-09-17T16:42:34.032Z
sensor.washing_machine_power,47.084,2025-09-17T16:42:39.133Z
sensor.washing_machine_power,53.438,2025-09-17T16:42:44.149Z
sensor.washing_machine_power,58.809,2025-09-17T16:42:54.207Z
sensor.washing_machine_power,53.145,2025-09-17T16:42:59.259Z
sensor.washing_machine_power,5.097,2025-09-17T16:43:04.319Z
sensor.washing_machine_power,59.684,2025-09-17T16:43:09.366Z
sensor.washing_machine_power,40.891,2025-09-17T16:43:24.509Z
sensor.washing_machine_power,44.676,2025-09-17T16:43:29.579Z
sensor.washing_machine_power,4.782,2025-09-17T16:43:34.631Z
sensor.washing_machine_power,49.573,2025-09-17T16:43:39.685Z
sensor.washing_machine_power,66.11,2025-09-17T16:43:44.732Z
sensor.washing_machine_power,59.728,2025-09-17T16:43:49.782Z
sensor.washing_machine_power,54.799,2025-09-17T16:43:59.877Z
sensor.washing_machine_power,4.86,2025-09-17T16:44:04.923Z
sensor.washing_machine_power,34.629,2025-09-17T16:44:09.979Z
sensor.washing_machine_power,53.293,2025-09-17T16:44:15.032Z
sensor.washing_machine_power,44.563,2025-09-17T16:44:20.084Z
sensor.washing_machine_power,39.199,2025-09-17T16:44:25.134Z
sensor.washing_machine_power,50.705,2025-09-17T16:44:30.242Z
sensor.washing_machine_power,688.506,2025-09-17T16:44:35.313Z
sensor.washing_machine_power,2537.763,2025-09-17T16:44:36.367Z
sensor.washing_machine_power,57.253,2025-09-17T16:45:26.893Z
sensor.washing_machine_power,41.459,2025-09-17T16:45:28.033Z
sensor.washing_machine_power,48.39,2025-09-17T16:45:33.100Z
sensor.washing_machine_power,7.562,2025-09-17T16:45:38.143Z
sensor.washing_machine_power,50.912,2025-09-17T16:45:43.193Z
sensor.washing_machine_power,53.841,2025-09-17T16:45:48.264Z
sensor.washing_machine_power,60.967,2025-09-17T16:45:53.321Z
sensor.washing_machine_power,52.189,2025-09-17T16:45:58.337Z
sensor.washing_machine_power,60.922,2025-09-17T16:46:03.405Z
sensor.washing_machine_power,43.615,2025-09-17T16:46:08.454Z
sensor.washing_machine_power,51.856,2025-09-17T16:46:13.496Z
sensor.washing_machine_power,41.792,2025-09-17T16:46:18.548Z
sensor.washing_machine_power,60.366,2025-09-17T16:46:23.714Z
sensor.washing_machine_power,46.515,2025-09-17T16:46:33.698Z
sensor.washing_machine_power,41.697,2025-09-17T16:46:38.762Z
sensor.washing_machine_power,4.756,2025-09-17T16:46:43.827Z
sensor.washing_machine_power,43.166,2025-09-17T16:46:48.856Z
sensor.washing_machine_power,57.169,2025-09-17T16:46:53.917Z
sensor.washing_machine_power,43.981,2025-09-17T16:46:58.949Z
sensor.washing_machine_power,52.738,2025-09-17T16:47:04.138Z
sensor.washing_machine_power,44.787,2025-09-17T16:47:09.099Z
sensor.washing_machine_power,4.886,2025-09-17T16:47:14.106Z
sensor.washing_machine_power,57.053,2025-09-17T16:47:19.150Z
sensor.washing_machine_power,42.771,2025-09-17T16:47:24.232Z
sensor.washing_machine_power,53.321,2025-09-17T16:47:29.269Z
sensor.washing_machine_power,59.315,2025-09-17T16:47:34.317Z
sensor.washing_machine_power,41.292,2025-09-17T16:47:39.392Z
sensor.washing_machine_power,4.708,2025-09-17T16:47:44.436Z
sensor.washing_machine_power,39.281,2025-09-17T16:47:49.459Z
sensor.washing_machine_power,53.684,2025-09-17T16:47:54.522Z
sensor.washing_machine_power,58.371,2025-09-17T16:47:59.554Z
sensor.washing_machine_power,55.461,2025-09-17T16:48:04.622Z
sensor.washing_machine_power,4.832,2025-09-17T16:48:14.715Z
sensor.washing_machine_power,38.236,2025-09-17T16:48:19.825Z
sensor.washing_machine_power,44.887,2025-09-17T16:48:24.879Z
sensor.washing_machine_power,53.872,2025-09-17T16:48:29.887Z
sensor.washing_machine_power,65.011,2025-09-17T16:48:34.926Z
sensor.washing_machine_power,58.176,2025-09-17T16:48:40.185Z
sensor.washing_machine_power,31.387,2025-09-17T16:48:45.030Z
sensor.washing_machine_power,65.515,2025-09-17T16:48:50.082Z
sensor.washing_machine_power,48.418,2025-09-17T16:48:55.134Z
sensor.washing_machine_power,56.468,2025-09-17T16:49:00.456Z
sensor.washing_machine_power,28.79,2025-09-17T16:49:05.270Z
sensor.washing_machine_power,56.838,2025-09-17T16:49:10.284Z
sensor.washing_machine_power,50.868,2025-09-17T16:49:15.345Z
sensor.washing_machine_power,63.046,2025-09-17T16:49:20.398Z
sensor.washing_machine_power,45.899,2025-09-17T16:49:25.454Z
sensor.washing_machine_power,61.674,2025-09-17T16:49:30.480Z
sensor.washing_machine_power,66.52,2025-09-17T16:49:40.596Z
sensor.washing_machine_power,51.931,2025-09-17T16:49:45.638Z
sensor.washing_machine_power,4.977,2025-09-17T16:49:50.681Z
sensor.washing_machine_power,45.807,2025-09-17T16:49:55.739Z
sensor.washing_machine_power,58.92,2025-09-17T16:50:00.895Z
sensor.washing_machine_power,72.639,2025-09-17T16:50:05.850Z
sensor.washing_machine_power,39.843,2025-09-17T16:50:11.070Z
sensor.washing_machine_power,55.644,2025-09-17T16:50:15.986Z
sensor.washing_machine_power,4.72,2025-09-17T16:50:20.992Z
sensor.washing_machine_power,45.071,2025-09-17T16:50:26.052Z
sensor.washing_machine_power,55.138,2025-09-17T16:50:31.111Z
sensor.washing_machine_power,59.805,2025-09-17T16:50:36.194Z
sensor.washing_machine_power,54.554,2025-09-17T16:50:41.195Z
sensor.washing_machine_power,50.805,2025-09-17T16:50:46.253Z
sensor.washing_machine_power,4.901,2025-09-17T16:50:51.301Z
sensor.washing_machine_power,54.902,2025-09-17T16:50:56.421Z
sensor.washing_machine_power,36.136,2025-09-17T16:51:06.542Z
sensor.washing_machine_power,54.644,2025-09-17T16:51:11.522Z
sensor.washing_machine_power,46.604,2025-09-17T16:51:16.562Z
sensor.washing_machine_power,4.694,2025-09-17T16:51:21.615Z
sensor.washing_machine_power,41.278,2025-09-17T16:51:26.682Z
sensor.washing_machine_power,53.497,2025-09-17T16:51:31.725Z
sensor.washing_machine_power,65.951,2025-09-17T16:51:36.766Z
sensor.washing_machine_power,61.454,2025-09-17T16:51:41.873Z
sensor.washing_machine_power,47.657,2025-09-17T16:51:46.869Z
sensor.washing_machine_power,30.583,2025-09-17T16:51:51.929Z
sensor.washing_machine_power,59.778,2025-09-17T16:51:56.974Z
sensor.washing_machine_power,55.891,2025-09-17T16:52:02.012Z
sensor.washing_machine_power,61.562,2025-09-17T16:52:07.129Z
sensor.washing_machine_power,30.865,2025-09-17T16:52:12.130Z
sensor.washing_machine_power,52.322,2025-09-17T16:52:17.169Z
sensor.washing_machine_power,686.403,2025-09-17T16:52:27.269Z
sensor.washing_machine_power,2531.478,2025-09-17T16:52:28.421Z
sensor.washing_machine_power,51.277,2025-09-17T16:53:13.864Z
sensor.washing_machine_power,56.852,2025-09-17T16:53:15.024Z
sensor.washing_machine_power,41.628,2025-09-17T16:53:20.098Z
sensor.washing_machine_power,50.774,2025-09-17T16:53:25.172Z
sensor.washing_machine_power,56.879,2025-09-17T16:53:30.189Z
sensor.washing_machine_power,52.603,2025-09-17T16:53:35.239Z
sensor.washing_machine_power,58.912,2025-09-17T16:53:40.288Z
sensor.washing_machine_power,54.212,2025-09-17T16:53:55.435Z
sensor.washing_machine_power,24.714,2025-09-17T16:54:00.473Z
sensor.washing_machine_power,51.276,2025-09-17T16:54:05.548Z
sensor.washing_machine_power,60.348,2025-09-17T16:54:10.596Z
sensor.washing_machine_power,55.469,2025-09-17T16:54:15.653Z
sensor.washing_machine_power,49.504,2025-09-17T16:54:20.705Z
sensor.washing_machine_power,43.975,2025-09-17T16:54:25.759Z
sensor.washing_machine_power,4.666,2025-09-17T16:54:30.817Z
sensor.washing_machine_power,55.309,2025-09-17T16:54:35.850Z
sensor.washing_machine_power,51.601,2025-09-17T16:54:40.908Z
sensor.washing_machine_power,33.678,2025-09-17T16:54:46.061Z
sensor.washing_machine_power,52.039,2025-09-17T16:54:51.059Z
sensor.washing_machine_power,43.168,2025-09-17T16:54:56.072Z
sensor.washing_machine_power,4.885,2025-09-17T16:55:01.088Z
sensor.washing_machine_power,55.833,2025-09-17T16:55:06.161Z
sensor.washing_machine_power,51.65,2025-09-17T16:55:11.210Z
sensor.washing_machine_power,59.657,2025-09-17T16:55:16.749Z
sensor.washing_machine_power,56.433,2025-09-17T16:55:21.314Z
sensor.washing_machine_power,49.453,2025-09-17T16:55:26.364Z
sensor.washing_machine_power,4.85,2025-09-17T16:55:31.416Z
sensor.washing_machine_power,39.045,2025-09-17T16:55:36.536Z
sensor.washing_machine_power,50.493,2025-09-17T16:55:41.515Z
sensor.washing_machine_power,46.127,2025-09-17T16:55:46.566Z
sensor.washing_machine_power,49.355,2025-09-17T16:55:51.855Z
sensor.washing_machine_power,6.663,2025-09-17T16:56:01.720Z
sensor.washing_machine_power,37.688,2025-09-17T16:56:06.783Z
sensor.washing_machine_power,52.984,2025-09-17T16:56:11.833Z
sensor.washing_machine_power,46.639,2025-09-17T16:56:16.885Z
sensor.washing_machine_power,59.737,2025-09-17T16:56:21.936Z
sensor.washing_machine_power,49.348,2025-09-17T16:56:27.016Z
sensor.washing_machine_power,38.766,2025-09-17T16:56:32.029Z
sensor.washing_machine_power,49.226,2025-09-17T16:56:37.255Z
sensor.washing_machine_power,46.072,2025-09-17T16:56:47.180Z
sensor.washing_machine_power,53.978,2025-09-17T16:56:52.250Z
sensor.washing_machine_power,46.229,2025-09-17T16:56:57.302Z
sensor.washing_machine_power,52.212,2025-09-17T16:57:02.337Z
sensor.washing_machine_power,4.767,2025-09-17T16:57:07.397Z
sensor.washing_machine_power,51.98,2025-09-17T16:57:12.450Z
sensor.washing_machine_power,59.8,2025-09-17T16:57:17.499Z
sensor.washing_machine_power,41.078,2025-09-17T16:57:22.553Z
sensor.washing_machine_power,48.575,2025-09-17T16:57:27.606Z
sensor.washing_machine_power,52.549,2025-09-17T16:57:32.656Z
sensor.washing_machine_power,4.867,2025-09-17T16:57:37.721Z
sensor.washing_machine_power,46.65,2025-09-17T16:57:42.811Z
sensor.washing_machine_power,44.087,2025-09-17T16:57:47.818Z
sensor.washing_machine_power,58.009,2025-09-17T16:57:52.863Z
sensor.washing_machine_power,54.914,2025-09-17T16:58:02.946Z
sensor.washing_machine_power,4.681,2025-09-17T16:58:08.007Z
sensor.washing_machine_power,43.321,2025-09-17T16:58:13.062Z
sensor.washing_machine_power,55.699,2025-09-17T16:58:18.120Z
sensor.washing_machine_power,34.045,2025-09-17T16:58:28.198Z
sensor.washing_machine_power,53.337,2025-09-17T16:58:33.259Z
sensor.washing_machine_power,4.854,2025-09-17T16:58:38.318Z
sensor.washing_machine_power,39.238,2025-09-17T16:58:43.363Z
sensor.washing_machine_power,45.183,2025-09-17T16:58:48.418Z
sensor.washing_machine_power,62.231,2025-09-17T16:58:53.492Z
sensor.washing_machine_power,41.598,2025-09-17T16:58:58.602Z
sensor.washing_machine_power,53.669,2025-09-17T16:59:04.128Z
sensor.washing_machine_power,48.811,2025-09-17T16:59:08.827Z
sensor.washing_machine_power,60.191,2025-09-17T16:59:13.691Z
sensor.washing_machine_power,52.001,2025-09-17T16:59:18.736Z
sensor.washing_machine_power,55.235,2025-09-17T16:59:28.818Z
sensor.washing_machine_power,14.498,2025-09-17T16:59:33.888Z
sensor.washing_machine_power,46.94,2025-09-17T16:59:38.962Z
sensor.washing_machine_power,51.196,2025-09-17T16:59:43.988Z
sensor.washing_machine_power,54.55,2025-09-17T16:59:49.050Z
sensor.washing_machine_power,44.134,2025-09-17T16:59:54.108Z
sensor.washing_machine_power,5.252,2025-09-17T16:59:59.165Z
sensor.washing_machine_power,42.305,2025-09-17T17:00:04.204Z
sensor.washing_machine_power,38.038,2025-09-17T17:00:09.260Z
sensor.washing_machine_power,64.926,2025-09-17T17:00:18.840Z
sensor.washing_machine_power,45.551,2025-09-17T17:00:19.536Z
sensor.washing_machine_power,57.42,2025-09-17T17:00:34.509Z
sensor.washing_machine_power,48.287,2025-09-17T17:00:39.553Z
sensor.washing_machine_power,51.517,2025-09-17T17:00:49.644Z
sensor.washing_machine_power,58.88,2025-09-17T17:00:54.750Z
sensor.washing_machine_power,53.143,2025-09-17T17:00:59.744Z
sensor.washing_machine_power,16.882,2025-09-17T17:01:04.822Z
sensor.washing_machine_power,55.327,2025-09-17T17:01:09.866Z
sensor.washing_machine_power,49.662,2025-09-17T17:01:14.915Z
sensor.washing_machine_power,36.967,2025-09-17T17:01:19.968Z
sensor.washing_machine_power,53.555,2025-09-17T17:01:25.044Z
sensor.washing_machine_power,4.751,2025-09-17T17:01:35.116Z
sensor.washing_machine_power,58.733,2025-09-17T17:01:40.206Z
sensor.washing_machine_power,49.665,2025-09-17T17:01:45.234Z
sensor.washing_machine_power,53.934,2025-09-17T17:01:50.277Z
sensor.washing_machine_power,45.95,2025-09-17T17:01:55.368Z
sensor.washing_machine_power,4.803,2025-09-17T17:02:05.435Z
sensor.washing_machine_power,47.674,2025-09-17T17:02:10.499Z
sensor.washing_machine_power,65.517,2025-09-17T17:02:20.766Z
sensor.washing_machine_power,45.943,2025-09-17T17:02:25.678Z
sensor.washing_machine_power,51.501,2025-09-17T17:02:30.709Z
sensor.washing_machine_power,4.809,2025-09-17T17:02:35.746Z
sensor.washing_machine_power,53.632,2025-09-17T17:02:40.806Z
sensor.washing_machine_power,39.936,2025-09-17T17:02:45.849Z
sensor.washing_machine_power,60.071,2025-09-17T17:02:50.964Z
sensor.washing_machine_power,53.912,2025-09-17T17:02:56.004Z
sensor.washing_machine_power,687.987,2025-09-17T17:03:00.993Z
sensor.washing_machine_power,2567.394,2025-09-17T17:03:02.157Z
sensor.washing_machine_power,47.635,2025-09-17T17:03:42.566Z
sensor.washing_machine_power,43.524,2025-09-17T17:03:48.816Z
sensor.washing_machine_power,53.3,2025-09-17T17:03:53.843Z
sensor.washing_machine_power,49.144,2025-09-17T17:03:58.868Z
sensor.washing_machine_power,43.723,2025-09-17T17:04:03.945Z
sensor.washing_machine_power,4.822,2025-09-17T17:04:09.011Z
sensor.washing_machine_power,47.286,2025-09-17T17:04:14.058Z
sensor.washing_machine_power,58.488,2025-09-17T17:04:19.111Z
sensor.washing_machine_power,48.429,2025-09-17T17:04:34.234Z
sensor.washing_machine_power,54.024,2025-09-17T17:04:39.315Z
sensor.washing_machine_power,63.061,2025-09-17T17:04:54.448Z
sensor.washing_machine_power,45.367,2025-09-17T17:04:59.499Z
sensor.washing_machine_power,58.52,2025-09-17T17:05:04.567Z
sensor.washing_machine_power,51.406,2025-09-17T17:05:09.607Z
sensor.washing_machine_power,12.951,2025-09-17T17:05:14.682Z
sensor.washing_machine_power,58.118,2025-09-17T17:05:19.881Z
sensor.washing_machine_power,53.017,2025-09-17T17:05:25.543Z
sensor.washing_machine_power,43.808,2025-09-17T17:05:34.878Z
sensor.washing_machine_power,4.753,2025-09-17T17:05:44.962Z
sensor.washing_machine_power,46.011,2025-09-17T17:05:50.029Z
sensor.washing_machine_power,56.497,2025-09-17T17:05:55.088Z
sensor.washing_machine_power,60.539,2025-09-17T17:06:00.160Z
sensor.washing_machine_power,45.558,2025-09-17T17:06:05.225Z
sensor.washing_machine_power,57.586,2025-09-17T17:06:10.249Z
sensor.washing_machine_power,4.779,2025-09-17T17:06:15.292Z
sensor.washing_machine_power,46.231,2025-09-17T17:06:20.354Z
sensor.washing_machine_power,56.855,2025-09-17T17:06:25.404Z
sensor.washing_machine_power,63.198,2025-09-17T17:06:30.444Z
sensor.washing_machine_power,39.965,2025-09-17T17:06:35.512Z
sensor.washing_machine_power,50.064,2025-09-17T17:06:40.635Z
sensor.washing_machine_power,4.793,2025-09-17T17:06:46.558Z
sensor.washing_machine_power,42.944,2025-09-17T17:06:50.735Z
sensor.washing_machine_power,54.306,2025-09-17T17:06:55.725Z
sensor.washing_machine_power,67.553,2025-09-17T17:07:00.759Z
sensor.washing_machine_power,43.144,2025-09-17T17:07:10.869Z
sensor.washing_machine_power,8.756,2025-09-17T17:07:15.921Z
sensor.washing_machine_power,42.588,2025-09-17T17:07:21.022Z
sensor.washing_machine_power,47.873,2025-09-17T17:07:26.049Z
sensor.washing_machine_power,67.515,2025-09-17T17:07:36.153Z
sensor.washing_machine_power,49.596,2025-09-17T17:07:41.158Z
sensor.washing_machine_power,46.768,2025-09-17T17:07:46.230Z
sensor.washing_machine_power,62.586,2025-09-17T17:07:51.312Z
sensor.washing_machine_power,55.727,2025-09-17T17:07:56.332Z
sensor.washing_machine_power,59.322,2025-09-17T17:08:01.376Z
sensor.washing_machine_power,50.617,2025-09-17T17:08:06.454Z
sensor.washing_machine_power,42.128,2025-09-17T17:08:16.539Z
sensor.washing_machine_power,6.233,2025-09-17T17:08:21.611Z
sensor.washing_machine_power,48.911,2025-09-17T17:08:26.664Z
sensor.washing_machine_power,51.786,2025-09-17T17:08:31.725Z
sensor.washing_machine_power,44.204,2025-09-17T17:08:36.760Z
sensor.washing_machine_power,60.222,2025-09-17T17:08:41.850Z
sensor.washing_machine_power,55.104,2025-09-17T17:08:46.863Z
sensor.washing_machine_power,4.831,2025-09-17T17:08:51.982Z
sensor.washing_machine_power,48.482,2025-09-17T17:08:56.976Z
sensor.washing_machine_power,54.608,2025-09-17T17:09:01.994Z
sensor.washing_machine_power,51.136,2025-09-17T17:09:07.126Z
sensor.washing_machine_power,40.505,2025-09-17T17:09:12.134Z
sensor.washing_machine_power,43.027,2025-09-17T17:09:17.312Z
sensor.washing_machine_power,4.733,2025-09-17T17:09:22.228Z
sensor.washing_machine_power,47.398,2025-09-17T17:09:27.282Z
sensor.washing_machine_power,53.106,2025-09-17T17:09:32.339Z
sensor.washing_machine_power,57.119,2025-09-17T17:09:37.387Z
sensor.washing_machine_power,62.226,2025-09-17T17:09:42.469Z
sensor.washing_machine_power,48.105,2025-09-17T17:09:47.489Z
sensor.washing_machine_power,4.824,2025-09-17T17:09:52.561Z
sensor.washing_machine_power,41.319,2025-09-17T17:09:57.608Z
sensor.washing_machine_power,68.675,2025-09-17T17:10:02.624Z
sensor.washing_machine_power,43.871,2025-09-17T17:10:07.697Z
sensor.washing_machine_power,50.154,2025-09-17T17:10:18.034Z
sensor.washing_machine_power,47.108,2025-09-17T17:10:23.180Z
sensor.washing_machine_power,42.136,2025-09-17T17:10:27.959Z
sensor.washing_machine_power,64.56,2025-09-17T17:10:32.954Z
sensor.washing_machine_power,60.883,2025-09-17T17:10:38.004Z
sensor.washing_machine_power,53.838,2025-09-17T17:10:48.108Z
sensor.washing_machine_power,45.033,2025-09-17T17:10:53.184Z
sensor.washing_machine_power,34.844,2025-09-17T17:10:58.203Z
sensor.washing_machine_power,51.273,2025-09-17T17:11:03.278Z
sensor.washing_machine_power,47.378,2025-09-17T17:11:13.440Z
sensor.washing_machine_power,60.505,2025-09-17T17:11:18.431Z
sensor.washing_machine_power,55.043,2025-09-17T17:11:23.479Z
sensor.washing_machine_power,4.851,2025-09-17T17:11:28.541Z
sensor.washing_machine_power,55.444,2025-09-17T17:11:33.572Z
sensor.washing_machine_power,51.862,2025-09-17T17:11:38.627Z
sensor.washing_machine_power,59.958,2025-09-17T17:11:43.825Z
sensor.washing_machine_power,53.848,2025-09-17T17:11:48.734Z
sensor.washing_machine_power,48.331,2025-09-17T17:11:53.803Z
sensor.washing_machine_power,4.629,2025-09-17T17:11:58.826Z
sensor.washing_machine_power,43.923,2025-09-17T17:12:03.908Z
sensor.washing_machine_power,52.308,2025-09-17T17:12:08.943Z
sensor.washing_machine_power,55.567,2025-09-17T17:12:14.001Z
sensor.washing_machine_power,48.905,2025-09-17T17:12:19.328Z
sensor.washing_machine_power,52.204,2025-09-17T17:12:24.536Z
sensor.washing_machine_power,4.874,2025-09-17T17:12:29.147Z
sensor.washing_machine_power,48.562,2025-09-17T17:12:34.199Z
sensor.washing_machine_power,51.475,2025-09-17T17:12:39.303Z
sensor.washing_machine_power,59.945,2025-09-17T17:12:44.957Z
sensor.washing_machine_power,54.129,2025-09-17T17:12:49.353Z
sensor.washing_machine_power,49.753,2025-09-17T17:12:54.433Z
sensor.washing_machine_power,4.915,2025-09-17T17:12:59.502Z
sensor.washing_machine_power,43.63,2025-09-17T17:13:04.526Z
sensor.washing_machine_power,62.72,2025-09-17T17:13:14.612Z
sensor.washing_machine_power,53.449,2025-09-17T17:13:19.677Z
sensor.washing_machine_power,57.102,2025-09-17T17:13:24.725Z
sensor.washing_machine_power,37.918,2025-09-17T17:13:29.778Z
sensor.washing_machine_power,63.495,2025-09-17T17:13:34.850Z
sensor.washing_machine_power,52.887,2025-09-17T17:13:39.870Z
sensor.washing_machine_power,65.95,2025-09-17T17:13:49.968Z
sensor.washing_machine_power,61.034,2025-09-17T17:13:55.087Z
sensor.washing_machine_power,47.142,2025-09-17T17:14:00.071Z
sensor.washing_machine_power,4.865,2025-09-17T17:14:05.138Z
sensor.washing_machine_power,44.663,2025-09-17T17:14:10.179Z
sensor.washing_machine_power,53.356,2025-09-17T17:14:15.225Z
sensor.washing_machine_power,58.457,2025-09-17T17:14:20.285Z
sensor.washing_machine_power,685.748,2025-09-17T17:14:25.340Z
sensor.washing_machine_power,2557.253,2025-09-17T17:14:26.468Z
sensor.washing_machine_power,4.772,2025-09-17T17:15:06.926Z
sensor.washing_machine_power,65.142,2025-09-17T17:15:08.295Z
sensor.washing_machine_power,54.774,2025-09-17T17:15:13.091Z
sensor.washing_machine_power,58.509,2025-09-17T17:15:18.156Z
sensor.washing_machine_power,51.924,2025-09-17T17:15:23.246Z
sensor.washing_machine_power,47.056,2025-09-17T17:15:28.460Z
sensor.washing_machine_power,4.872,2025-09-17T17:15:38.416Z
sensor.washing_machine_power,49.742,2025-09-17T17:15:43.857Z
sensor.washing_machine_power,61.456,2025-09-17T17:15:48.476Z
sensor.washing_machine_power,48.242,2025-09-17T17:15:53.523Z
sensor.washing_machine_power,61.913,2025-09-17T17:15:58.546Z
sensor.washing_machine_power,42.983,2025-09-17T17:16:03.672Z
sensor.washing_machine_power,4.735,2025-09-17T17:16:08.664Z
sensor.washing_machine_power,52.642,2025-09-17T17:16:13.735Z
sensor.washing_machine_power,48.169,2025-09-17T17:16:23.809Z
sensor.washing_machine_power,59.352,2025-09-17T17:16:28.877Z
sensor.washing_machine_power,52.245,2025-09-17T17:16:33.929Z
sensor.washing_machine_power,4.748,2025-09-17T17:16:38.976Z
sensor.washing_machine_power,40.764,2025-09-17T17:16:44.034Z
sensor.washing_machine_power,49.751,2025-09-17T17:16:49.088Z
sensor.washing_machine_power,58.678,2025-09-17T17:16:59.169Z
sensor.washing_machine_power,54.238,2025-09-17T17:17:04.266Z
sensor.washing_machine_power,4.771,2025-09-17T17:17:09.292Z
sensor.washing_machine_power,53.151,2025-09-17T17:17:14.614Z
sensor.washing_machine_power,57.269,2025-09-17T17:17:19.895Z
sensor.washing_machine_power,46.61,2025-09-17T17:17:24.446Z
sensor.washing_machine_power,62.026,2025-09-17T17:17:29.527Z
sensor.washing_machine_power,38.104,2025-09-17T17:17:39.620Z
sensor.washing_machine_power,58.393,2025-09-17T17:17:44.642Z
sensor.washing_machine_power,63.558,2025-09-17T17:17:59.797Z
sensor.washing_machine_power,48.901,2025-09-17T17:18:04.865Z
sensor.washing_machine_power,45.99,2025-09-17T17:18:09.907Z
sensor.washing_machine_power,6.772,2025-09-17T17:18:14.959Z
sensor.washing_machine_power,59.462,2025-09-17T17:18:20.028Z
sensor.washing_machine_power,63.239,2025-09-17T17:18:25.070Z
sensor.washing_machine_power,57.282,2025-09-17T17:18:35.207Z
sensor.washing_machine_power,4.678,2025-09-17T17:18:45.270Z
sensor.washing_machine_power,48.06,2025-09-17T17:18:50.338Z
sensor.washing_machine_power,58.91,2025-09-17T17:18:55.582Z
sensor.washing_machine_power,47.381,2025-09-17T17:19:00.627Z
sensor.washing_machine_power,34.239,2025-09-17T17:19:05.502Z
sensor.washing_machine_power,47.773,2025-09-17T17:19:10.564Z
sensor.washing_machine_power,4.83,2025-09-17T17:19:15.681Z
sensor.washing_machine_power,40.776,2025-09-17T17:19:20.651Z
sensor.washing_machine_power,61.528,2025-09-17T17:19:25.693Z
sensor.washing_machine_power,70.385,2025-09-17T17:19:30.754Z
sensor.washing_machine_power,30.973,2025-09-17T17:19:35.796Z
sensor.washing_machine_power,47.915,2025-09-17T17:19:40.851Z
sensor.washing_machine_power,4.703,2025-09-17T17:19:45.912Z
sensor.washing_machine_power,37.915,2025-09-17T17:19:51.023Z
sensor.washing_machine_power,50.859,2025-09-17T17:19:56.487Z
sensor.washing_machine_power,48.161,2025-09-17T17:20:01.043Z
sensor.washing_machine_power,55.264,2025-09-17T17:20:06.112Z
sensor.washing_machine_power,29.003,2025-09-17T17:20:16.227Z
sensor.washing_machine_power,56.384,2025-09-17T17:20:21.250Z
sensor.washing_machine_power,52.542,2025-09-17T17:20:26.378Z
sensor.washing_machine_power,57.587,2025-09-17T17:20:31.395Z
sensor.washing_machine_power,69.174,2025-09-17T17:20:36.449Z
sensor.washing_machine_power,46.399,2025-09-17T17:20:41.462Z
sensor.washing_machine_power,36.502,2025-09-17T17:20:46.522Z
sensor.washing_machine_power,61.223,2025-09-17T17:20:51.596Z
sensor.washing_machine_power,50.747,2025-09-17T17:20:56.635Z
sensor.washing_machine_power,58.005,2025-09-17T17:21:01.666Z
sensor.washing_machine_power,37.602,2025-09-17T17:21:06.739Z
sensor.washing_machine_power,41.002,2025-09-17T17:21:11.782Z
sensor.washing_machine_power,49.476,2025-09-17T17:21:16.829Z
sensor.washing_machine_power,4.834,2025-09-17T17:21:21.895Z
sensor.washing_machine_power,56.384,2025-09-17T17:21:26.934Z
sensor.washing_machine_power,59.51,2025-09-17T17:21:31.996Z
sensor.washing_machine_power,56.083,2025-09-17T17:21:42.089Z
sensor.washing_machine_power,48.599,2025-09-17T17:21:47.148Z
sensor.washing_machine_power,4.816,2025-09-17T17:21:52.201Z
sensor.washing_machine_power,50.323,2025-09-17T17:21:57.255Z
sensor.washing_machine_power,61.748,2025-09-17T17:22:02.275Z
sensor.washing_machine_power,58.197,2025-09-17T17:22:07.344Z
sensor.washing_machine_power,50.342,2025-09-17T17:22:17.445Z
sensor.washing_machine_power,4.754,2025-09-17T17:22:22.514Z
sensor.washing_machine_power,54.655,2025-09-17T17:22:27.567Z
sensor.washing_machine_power,65.08,2025-09-17T17:22:32.611Z
sensor.washing_machine_power,46.705,2025-09-17T17:22:37.653Z
sensor.washing_machine_power,54.015,2025-09-17T17:22:42.721Z
sensor.washing_machine_power,49.973,2025-09-17T17:22:48.157Z
sensor.washing_machine_power,4.958,2025-09-17T17:22:52.842Z
sensor.washing_machine_power,41.054,2025-09-17T17:22:57.868Z
sensor.washing_machine_power,49.063,2025-09-17T17:23:02.993Z
sensor.washing_machine_power,66.841,2025-09-17T17:23:08.472Z
sensor.washing_machine_power,39.25,2025-09-17T17:23:13.032Z
sensor.washing_machine_power,49.947,2025-09-17T17:23:18.074Z
sensor.washing_machine_power,46.88,2025-09-17T17:23:23.146Z
sensor.washing_machine_power,60.354,2025-09-17T17:23:28.196Z
sensor.washing_machine_power,47.286,2025-09-17T17:23:33.256Z
sensor.washing_machine_power,24.929,2025-09-17T17:23:38.294Z
sensor.washing_machine_power,56.797,2025-09-17T17:23:43.337Z
sensor.washing_machine_power,51.509,2025-09-17T17:23:48.390Z
sensor.washing_machine_power,35.233,2025-09-17T17:23:58.485Z
sensor.washing_machine_power,47.722,2025-09-17T17:24:03.973Z
sensor.washing_machine_power,54.893,2025-09-17T17:24:08.675Z
sensor.washing_machine_power,60.175,2025-09-17T17:24:13.649Z
sensor.washing_machine_power,41.242,2025-09-17T17:24:18.702Z
sensor.washing_machine_power,57.088,2025-09-17T17:24:23.767Z
sensor.washing_machine_power,4.705,2025-09-17T17:24:28.837Z
sensor.washing_machine_power,54.574,2025-09-17T17:24:33.862Z
sensor.washing_machine_power,49.505,2025-09-17T17:24:44.524Z
sensor.washing_machine_power,39.594,2025-09-17T17:24:49.173Z
sensor.washing_machine_power,52.734,2025-09-17T17:24:54.078Z
sensor.washing_machine_power,4.808,2025-09-17T17:24:59.258Z
sensor.washing_machine_power,49.154,2025-09-17T17:25:04.167Z
sensor.washing_machine_power,56.79,2025-09-17T17:25:14.284Z
sensor.washing_machine_power,64.293,2025-09-17T17:25:19.587Z
sensor.washing_machine_power,48.403,2025-09-17T17:25:24.378Z
sensor.washing_machine_power,4.847,2025-09-17T17:25:29.426Z
sensor.washing_machine_power,43.228,2025-09-17T17:25:34.509Z
sensor.washing_machine_power,55.815,2025-09-17T17:25:39.552Z
sensor.washing_machine_power,66.949,2025-09-17T17:25:44.578Z
sensor.washing_machine_power,49.864,2025-09-17T17:25:54.672Z
sensor.washing_machine_power,15.63,2025-09-17T17:25:59.735Z
sensor.washing_machine_power,32.973,2025-09-17T17:26:04.806Z
sensor.washing_machine_power,48.59,2025-09-17T17:26:09.851Z
sensor.washing_machine_power,39.32,2025-09-17T17:26:14.910Z
sensor.washing_machine_power,36.427,2025-09-17T17:26:19.952Z
sensor.washing_machine_power,60.908,2025-09-17T17:26:25.000Z
sensor.washing_machine_power,45.08,2025-09-17T17:26:30.056Z
sensor.washing_machine_power,65.466,2025-09-17T17:26:35.094Z
sensor.washing_machine_power,57.314,2025-09-17T17:26:45.185Z
sensor.washing_machine_power,64.745,2025-09-17T17:26:50.300Z
sensor.washing_machine_power,48.251,2025-09-17T17:26:55.316Z
sensor.washing_machine_power,43.166,2025-09-17T17:27:00.337Z
sensor.washing_machine_power,6.534,2025-09-17T17:27:05.446Z
sensor.washing_machine_power,56.184,2025-09-17T17:27:10.455Z
sensor.washing_machine_power,682.09,2025-09-17T17:27:15.518Z
sensor.washing_machine_power,2536.195,2025-09-17T17:27:16.712Z
sensor.washing_machine_power,52.815,2025-09-17T17:27:57.152Z
sensor.washing_machine_power,63.226,2025-09-17T17:28:08.306Z
sensor.washing_machine_power,60.084,2025-09-17T17:28:18.422Z
sensor.washing_machine_power,51.311,2025-09-17T17:28:23.502Z
sensor.washing_machine_power,47.306,2025-09-17T17:28:28.546Z
sensor.washing_machine_power,54.736,2025-09-17T17:28:33.579Z
sensor.washing_machine_power,29.284,2025-09-17T17:28:38.638Z
sensor.washing_machine_power,56.483,2025-09-17T17:28:43.682Z
sensor.washing_machine_power,32.811,2025-09-17T17:28:53.785Z
sensor.washing_machine_power,56.255,2025-09-17T17:28:58.818Z
sensor.washing_machine_power,46.197,2025-09-17T17:29:03.889Z
sensor.washing_machine_power,4.773,2025-09-17T17:29:08.939Z
sensor.washing_machine_power,45.642,2025-09-17T17:29:13.998Z
sensor.washing_machine_power,53.887,2025-09-17T17:29:19.048Z
sensor.washing_machine_power,47.157,2025-09-17T17:29:24.106Z
sensor.washing_machine_power,57.148,2025-09-17T17:29:29.155Z
sensor.washing_machine_power,4.803,2025-09-17T17:29:39.944Z
sensor.washing_machine_power,47.676,2025-09-17T17:29:44.349Z
sensor.washing_machine_power,50.343,2025-09-17T17:29:49.365Z
sensor.washing_machine_power,64.691,2025-09-17T17:29:54.412Z
sensor.washing_machine_power,41.292,2025-09-17T17:29:59.441Z
sensor.washing_machine_power,48.624,2025-09-17T17:30:04.556Z
sensor.washing_machine_power,4.606,2025-09-17T17:30:09.561Z
sensor.washing_machine_power,53.117,2025-09-17T17:30:14.608Z
sensor.washing_machine_power,58.704,2025-09-17T17:30:19.726Z
sensor.washing_machine_power,44.896,2025-09-17T17:30:24.713Z
sensor.washing_machine_power,58.537,2025-09-17T17:30:29.766Z
sensor.washing_machine_power,51.273,2025-09-17T17:30:34.819Z
sensor.washing_machine_power,4.837,2025-09-17T17:30:39.950Z
sensor.washing_machine_power,48.351,2025-09-17T17:30:44.917Z
sensor.washing_machine_power,58.331,2025-09-17T17:30:49.984Z
sensor.washing_machine_power,66.396,2025-09-17T17:31:00.564Z
sensor.washing_machine_power,51.599,2025-09-17T17:31:05.144Z
sensor.washing_machine_power,46.932,2025-09-17T17:31:10.191Z
sensor.washing_machine_power,60.032,2025-09-17T17:31:15.233Z
sensor.washing_machine_power,44.918,2025-09-17T17:31:20.719Z
sensor.washing_machine_power,58.318,2025-09-17T17:31:25.348Z
sensor.washing_machine_power,49.38,2025-09-17T17:31:30.563Z
sensor.washing_machine_power,14.619,2025-09-17T17:31:45.546Z
sensor.washing_machine_power,47.095,2025-09-17T17:31:50.621Z
sensor.washing_machine_power,53.506,2025-09-17T17:32:00.688Z
sensor.washing_machine_power,48.737,2025-09-17T17:32:05.763Z
sensor.washing_machine_power,52.148,2025-09-17T17:32:10.808Z
sensor.washing_machine_power,4.711,2025-09-17T17:32:16.108Z
sensor.washing_machine_power,39.233,2025-09-17T17:32:20.917Z
sensor.washing_machine_power,42.991,2025-09-17T17:32:25.976Z
sensor.washing_machine_power,58.682,2025-09-17T17:32:31.669Z
sensor.washing_machine_power,4.72,2025-09-17T17:32:46.165Z
sensor.washing_machine_power,51.417,2025-09-17T17:32:51.302Z
sensor.washing_machine_power,38.265,2025-09-17T17:33:01.321Z
sensor.washing_machine_power,51.453,2025-09-17T17:33:06.804Z
sensor.washing_machine_power,4.86,2025-09-17T17:33:16.469Z
sensor.washing_machine_power,38.502,2025-09-17T17:33:21.548Z
sensor.washing_machine_power,54.246,2025-09-17T17:33:26.591Z
sensor.washing_machine_power,45.718,2025-09-17T17:33:31.849Z
sensor.washing_machine_power,49.004,2025-09-17T17:33:36.736Z
sensor.washing_machine_power,43.437,2025-09-17T17:33:41.766Z
sensor.washing_machine_power,16.734,2025-09-17T17:33:46.800Z
sensor.washing_machine_power,54.554,2025-09-17T17:33:51.851Z
sensor.washing_machine_power,50.084,2025-09-17T17:33:56.901Z
sensor.washing_machine_power,64.797,2025-09-17T17:34:01.933Z
sensor.washing_machine_power,59.713,2025-09-17T17:34:07.005Z
sensor.washing_machine_power,50.451,2025-09-17T17:34:12.057Z
sensor.washing_machine_power,60.308,2025-09-17T17:34:17.140Z
sensor.washing_machine_power,63.735,2025-09-17T17:34:22.159Z
sensor.washing_machine_power,54.987,2025-09-17T17:34:27.213Z
sensor.washing_machine_power,52.314,2025-09-17T17:34:37.293Z
sensor.washing_machine_power,56.409,2025-09-17T17:34:42.357Z
sensor.washing_machine_power,43.78,2025-09-17T17:34:47.418Z
sensor.washing_machine_power,6.418,2025-09-17T17:34:52.549Z
sensor.washing_machine_power,48.938,2025-09-17T17:34:57.613Z
sensor.washing_machine_power,52.151,2025-09-17T17:35:02.547Z
sensor.washing_machine_power,39.985,2025-09-17T17:35:07.615Z
sensor.washing_machine_power,43.417,2025-09-17T17:35:12.666Z
sensor.washing_machine_power,47.048,2025-09-17T17:35:17.726Z
sensor.washing_machine_power,4.715,2025-09-17T17:35:22.775Z
sensor.washing_machine_power,45.808,2025-09-17T17:35:27.834Z
sensor.washing_machine_power,48.421,2025-09-17T17:35:32.896Z
sensor.washing_machine_power,64.325,2025-09-17T17:35:38.963Z
sensor.washing_machine_power,51.336,2025-09-17T17:35:43.616Z
sensor.washing_machine_power,4.68,2025-09-17T17:35:53.065Z
sensor.washing_machine_power,53.871,2025-09-17T17:35:58.119Z
sensor.washing_machine_power,61.857,2025-09-17T17:36:03.182Z
sensor.washing_machine_power,54.876,2025-09-17T17:36:13.329Z
sensor.washing_machine_power,50.921,2025-09-17T17:36:18.346Z
sensor.washing_machine_power,4.754,2025-09-17T17:36:23.397Z
sensor.washing_machine_power,47.807,2025-09-17T17:36:28.452Z
sensor.washing_machine_power,57.448,2025-09-17T17:36:33.493Z
sensor.washing_machine_power,52.267,2025-09-17T17:36:38.591Z
sensor.washing_machine_power,59.722,2025-09-17T17:36:43.603Z
sensor.washing_machine_power,55.632,2025-09-17T17:36:48.659Z
sensor.washing_machine_power,19.698,2025-09-17T17:36:53.707Z
sensor.washing_machine_power,50.605,2025-09-17T17:36:58.735Z
sensor.washing_machine_power,53.814,2025-09-17T17:37:03.801Z
sensor.washing_machine_power,58.748,2025-09-17T17:37:08.849Z
sensor.washing_machine_power,50.628,2025-09-17T17:37:19.046Z
sensor.washing_machine_power,44.516,2025-09-17T17:37:25.224Z
sensor.washing_machine_power,55.885,2025-09-17T17:37:29.119Z
sensor.washing_machine_power,64.197,2025-09-17T17:37:39.154Z
sensor.washing_machine_power,60.646,2025-09-17T17:37:44.264Z
sensor.washing_machine_power,45.859,2025-09-17T17:37:54.296Z
sensor.washing_machine_power,4.839,2025-09-17T17:37:59.351Z
sensor.washing_machine_power,49.766,2025-09-17T17:38:04.463Z
sensor.washing_machine_power,52.995,2025-09-17T17:38:09.459Z
sensor.washing_machine_power,65.165,2025-09-17T17:38:14.518Z
sensor.washing_machine_power,56.677,2025-09-17T17:38:19.567Z
sensor.washing_machine_power,50.311,2025-09-17T17:38:24.627Z
sensor.washing_machine_power,4.709,2025-09-17T17:38:29.676Z
sensor.washing_machine_power,49.12,2025-09-17T17:38:34.740Z
sensor.washing_machine_power,62.307,2025-09-17T17:38:44.828Z
sensor.washing_machine_power,46.962,2025-09-17T17:38:49.882Z
sensor.washing_machine_power,4.733,2025-09-17T17:38:59.978Z
sensor.washing_machine_power,56.192,2025-09-17T17:39:05.044Z
sensor.washing_machine_power,53.602,2025-09-17T17:39:15.130Z
sensor.washing_machine_power,72.039,2025-09-17T17:39:20.247Z
sensor.washing_machine_power,51.849,2025-09-17T17:39:25.254Z
sensor.washing_machine_power,5.087,2025-09-17T17:39:30.304Z
sensor.washing_machine_power,47.392,2025-09-17T17:39:35.349Z
sensor.washing_machine_power,57.618,2025-09-17T17:39:45.440Z
sensor.washing_machine_power,47.809,2025-09-17T17:39:50.503Z
sensor.washing_machine_power,50.607,2025-09-17T17:39:55.649Z
sensor.washing_machine_power,41.711,2025-09-17T17:40:05.643Z
sensor.washing_machine_power,46.22,2025-09-17T17:40:10.699Z
sensor.washing_machine_power,56.149,2025-09-17T17:40:15.767Z
sensor.washing_machine_power,66.542,2025-09-17T17:40:20.807Z
sensor.washing_machine_power,45.547,2025-09-17T17:40:25.866Z
sensor.washing_machine_power,38.455,2025-09-17T17:40:30.942Z
sensor.washing_machine_power,31.39,2025-09-17T17:40:35.974Z
sensor.washing_machine_power,53.77,2025-09-17T17:40:41.023Z
sensor.washing_machine_power,59.579,2025-09-17T17:40:46.076Z
sensor.washing_machine_power,67.772,2025-09-17T17:40:51.498Z
sensor.washing_machine_power,52.467,2025-09-17T17:40:56.180Z
sensor.washing_machine_power,4.693,2025-09-17T17:41:06.262Z
sensor.washing_machine_power,43.007,2025-09-17T17:41:11.338Z
sensor.washing_machine_power,59.331,2025-09-17T17:41:16.390Z
sensor.washing_machine_power,45.072,2025-09-17T17:41:21.458Z
sensor.washing_machine_power,49.059,2025-09-17T17:41:26.510Z
sensor.washing_machine_power,4.89,2025-09-17T17:41:36.573Z
sensor.washing_machine_power,55.011,2025-09-17T17:41:41.640Z
sensor.washing_machine_power,52.258,2025-09-17T17:42:01.836Z
sensor.washing_machine_power,4.672,2025-09-17T17:42:06.903Z
sensor.washing_machine_power,46.668,2025-09-17T17:42:11.961Z
sensor.washing_machine_power,41.726,2025-09-17T17:42:17.011Z
sensor.washing_machine_power,58.833,2025-09-17T17:42:22.057Z
sensor.washing_machine_power,53.418,2025-09-17T17:42:27.264Z
sensor.washing_machine_power,6.628,2025-09-17T17:42:37.253Z
sensor.washing_machine_power,49.217,2025-09-17T17:42:42.268Z
sensor.washing_machine_power,60.623,2025-09-17T17:42:47.310Z
sensor.washing_machine_power,52.084,2025-09-17T17:42:57.430Z
sensor.washing_machine_power,55.751,2025-09-17T17:43:02.752Z
sensor.washing_machine_power,52.827,2025-09-17T17:43:07.569Z
sensor.washing_machine_power,60.266,2025-09-17T17:43:17.697Z
sensor.washing_machine_power,54.9,2025-09-17T17:43:22.670Z
sensor.washing_machine_power,60.832,2025-09-17T17:43:27.736Z
sensor.washing_machine_power,51.138,2025-09-17T17:43:32.787Z
sensor.washing_machine_power,41.241,2025-09-17T17:43:37.861Z
sensor.washing_machine_power,4.863,2025-09-17T17:43:42.975Z
sensor.washing_machine_power,45.973,2025-09-17T17:43:47.923Z
sensor.washing_machine_power,57.176,2025-09-17T17:43:52.985Z
sensor.washing_machine_power,50.624,2025-09-17T17:44:08.134Z
sensor.washing_machine_power,4.743,2025-09-17T17:44:13.207Z
sensor.washing_machine_power,45.84,2025-09-17T17:44:18.736Z
sensor.washing_machine_power,49.329,2025-09-17T17:44:23.312Z
sensor.washing_machine_power,68.62,2025-09-17T17:44:28.365Z
sensor.washing_machine_power,46.943,2025-09-17T17:44:33.414Z
sensor.washing_machine_power,56.227,2025-09-17T17:44:38.458Z
sensor.washing_machine_power,4.669,2025-09-17T17:44:43.512Z
sensor.washing_machine_power,43.699,2025-09-17T17:44:48.571Z
sensor.washing_machine_power,62.756,2025-09-17T17:44:55.114Z
sensor.washing_machine_power,69.779,2025-09-17T17:44:58.691Z
sensor.washing_machine_power,53.41,2025-09-17T17:45:03.738Z
sensor.washing_machine_power,56.722,2025-09-17T17:45:08.779Z
sensor.washing_machine_power,4.872,2025-09-17T17:45:13.823Z
sensor.washing_machine_power,52.728,2025-09-17T17:45:21.264Z
sensor.washing_machine_power,71.901,2025-09-17T17:45:31.392Z
sensor.washing_machine_power,47.722,2025-09-17T17:45:36.444Z
sensor.washing_machine_power,4.877,2025-09-17T17:45:46.527Z
sensor.washing_machine_power,40.478,2025-09-17T17:45:51.599Z
sensor.washing_machine_power,51.33,2025-09-17T17:45:56.636Z
sensor.washing_machine_power,37.756,2025-09-17T17:46:01.683Z
sensor.washing_machine_power,64.953,2025-09-17T17:46:06.751Z
sensor.washing_machine_power,43.793,2025-09-17T17:46:11.817Z
sensor.washing_machine_power,4.643,2025-09-17T17:46:16.891Z
sensor.washing_machine_power,47.92,2025-09-17T17:46:21.893Z
sensor.washing_machine_power,38.27,2025-09-17T17:46:26.951Z
sensor.washing_machine_power,49.323,2025-09-17T17:46:32.005Z
sensor.washing_machine_power,37.082,2025-09-17T17:46:37.058Z
sensor.washing_machine_power,43.053,2025-09-17T17:46:42.112Z
sensor.washing_machine_power,4.768,2025-09-17T17:46:47.345Z
sensor.washing_machine_power,41.323,2025-09-17T17:46:52.282Z
sensor.washing_machine_power,52.184,2025-09-17T17:46:57.284Z
sensor.washing_machine_power,48.48,2025-09-17T17:47:02.312Z
sensor.washing_machine_power,57.239,2025-09-17T17:47:12.411Z
sensor.washing_machine_power,27.59,2025-09-17T17:47:17.490Z
sensor.washing_machine_power,46.248,2025-09-17T17:47:22.618Z
sensor.washing_machine_power,61.337,2025-09-17T17:47:28.196Z
sensor.washing_machine_power,48.47,2025-09-17T17:47:42.735Z
sensor.washing_machine_power,42.251,2025-09-17T17:47:47.791Z
sensor.washing_machine_power,40.095,2025-09-17T17:47:52.848Z
sensor.washing_machine_power,51.528,2025-09-17T17:47:57.916Z
sensor.washing_machine_power,42.622,2025-09-17T17:48:08.001Z
sensor.washing_machine_power,53.076,2025-09-17T17:48:13.061Z
sensor.washing_machine_power,56.238,2025-09-17T17:48:18.107Z
sensor.washing_machine_power,4.84,2025-09-17T17:48:23.153Z
sensor.washing_machine_power,59.048,2025-09-17T17:48:28.223Z
sensor.washing_machine_power,62.862,2025-09-17T17:48:33.280Z
sensor.washing_machine_power,58.867,2025-09-17T17:48:38.318Z
sensor.washing_machine_power,39.5,2025-09-17T17:48:43.366Z
sensor.washing_machine_power,45.497,2025-09-17T17:48:48.407Z
sensor.washing_machine_power,4.691,2025-09-17T17:48:53.457Z
sensor.washing_machine_power,41.051,2025-09-17T17:48:58.503Z
sensor.washing_machine_power,50.003,2025-09-17T17:49:03.572Z
sensor.washing_machine_power,53.865,2025-09-17T17:49:08.627Z
sensor.washing_machine_power,69.218,2025-09-17T17:49:13.679Z
sensor.washing_machine_power,46.832,2025-09-17T17:49:18.828Z
sensor.washing_machine_power,4.735,2025-09-17T17:49:24.013Z
sensor.washing_machine_power,45.517,2025-09-17T17:49:29.276Z
sensor.washing_machine_power,53.066,2025-09-17T17:49:38.934Z
sensor.washing_machine_power,64.163,2025-09-17T17:49:44.090Z
sensor.washing_machine_power,48.675,2025-09-17T17:49:49.194Z
sensor.washing_machine_power,4.685,2025-09-17T17:49:54.128Z
sensor.washing_machine_power,46.225,2025-09-17T17:49:59.137Z
sensor.washing_machine_power,58.812,2025-09-17T17:50:04.232Z
sensor.washing_machine_power,45.124,2025-09-17T17:50:09.386Z
sensor.washing_machine_power,56.24,2025-09-17T17:50:14.303Z
sensor.washing_machine_power,46.708,2025-09-17T17:50:19.347Z
sensor.washing_machine_power,41.329,2025-09-17T17:50:24.397Z
sensor.washing_machine_power,57.262,2025-09-17T17:50:29.815Z
sensor.washing_machine_power,63.132,2025-09-17T17:50:39.592Z
sensor.washing_machine_power,42.472,2025-09-17T17:50:44.610Z
sensor.washing_machine_power,7.771,2025-09-17T17:50:59.751Z
sensor.washing_machine_power,48.283,2025-09-17T17:51:05.767Z
sensor.washing_machine_power,45.941,2025-09-17T17:51:09.933Z
sensor.washing_machine_power,57.722,2025-09-17T17:51:14.949Z
sensor.washing_machine_power,44.556,2025-09-17T17:51:19.980Z
sensor.washing_machine_power,48.694,2025-09-17T17:51:25.034Z
sensor.washing_machine_power,4.686,2025-09-17T17:51:30.105Z
sensor.washing_machine_power,42.089,2025-09-17T17:51:35.134Z
sensor.washing_machine_power,47.92,2025-09-17T17:51:40.183Z
sensor.washing_machine_power,60.796,2025-09-17T17:51:50.360Z
sensor.washing_machine_power,55.732,2025-09-17T17:51:55.331Z
sensor.washing_machine_power,4.873,2025-09-17T17:52:00.355Z
sensor.washing_machine_power,46.832,2025-09-17T17:52:05.590Z
sensor.washing_machine_power,53.272,2025-09-17T17:52:10.485Z
sensor.washing_machine_power,58.471,2025-09-17T17:52:15.526Z
sensor.washing_machine_power,42.864,2025-09-17T17:52:20.587Z
sensor.washing_machine_power,56.176,2025-09-17T17:52:25.671Z
sensor.washing_machine_power,4.691,2025-09-17T17:52:30.783Z
sensor.washing_machine_power,42.541,2025-09-17T17:52:35.761Z
sensor.washing_machine_power,53.732,2025-09-17T17:52:40.797Z
sensor.washing_machine_power,74.208,2025-09-17T17:52:45.856Z
sensor.washing_machine_power,55.965,2025-09-17T17:52:50.899Z
sensor.washing_machine_power,62.028,2025-09-17T17:52:55.953Z
sensor.washing_machine_power,22.003,2025-09-17T17:53:01.084Z
sensor.washing_machine_power,60.292,2025-09-17T17:53:06.076Z
sensor.washing_machine_power,52.979,2025-09-17T17:53:11.114Z
sensor.washing_machine_power,47.56,2025-09-17T17:53:16.188Z
sensor.washing_machine_power,55.567,2025-09-17T17:53:21.209Z
sensor.washing_machine_power,49.809,2025-09-17T17:53:26.269Z
sensor.washing_machine_power,11.066,2025-09-17T17:53:36.354Z
sensor.washing_machine_power,50.357,2025-09-17T17:53:41.429Z
sensor.washing_machine_power,67.738,2025-09-17T17:53:51.544Z
sensor.washing_machine_power,49.016,2025-09-17T17:53:56.803Z
sensor.washing_machine_power,53.563,2025-09-17T17:54:01.607Z
sensor.washing_machine_power,4.766,2025-09-17T17:54:06.672Z
sensor.washing_machine_power,53.326,2025-09-17T17:54:11.716Z
sensor.washing_machine_power,41.12,2025-09-17T17:54:21.818Z
sensor.washing_machine_power,51.861,2025-09-17T17:54:26.881Z
sensor.washing_machine_power,46.331,2025-09-17T17:54:31.933Z
sensor.washing_machine_power,4.768,2025-09-17T17:54:37.001Z
sensor.washing_machine_power,57.586,2025-09-17T17:54:42.035Z
sensor.washing_machine_power,65.238,2025-09-17T17:54:52.116Z
sensor.washing_machine_power,50.686,2025-09-17T17:54:57.234Z
sensor.washing_machine_power,4.756,2025-09-17T17:55:07.310Z
sensor.washing_machine_power,45.207,2025-09-17T17:55:12.362Z
sensor.washing_machine_power,56.589,2025-09-17T17:55:17.407Z
sensor.washing_machine_power,74.765,2025-09-17T17:55:22.469Z
sensor.washing_machine_power,62.788,2025-09-17T17:55:27.499Z
sensor.washing_machine_power,44.822,2025-09-17T17:55:32.628Z
sensor.washing_machine_power,5.701,2025-09-17T17:55:37.666Z
sensor.washing_machine_power,55.056,2025-09-17T17:55:42.661Z
sensor.washing_machine_power,45.803,2025-09-17T17:55:47.715Z
sensor.washing_machine_power,51.001,2025-09-17T17:55:52.763Z
sensor.washing_machine_power,54.649,2025-09-17T17:55:57.830Z
sensor.washing_machine_power,46.658,2025-09-17T17:56:02.858Z
sensor.washing_machine_power,53.531,2025-09-17T17:56:07.927Z
sensor.washing_machine_power,63.411,2025-09-17T17:56:12.980Z
sensor.washing_machine_power,53.663,2025-09-17T17:56:18.029Z
sensor.washing_machine_power,60.614,2025-09-17T17:56:28.114Z
sensor.washing_machine_power,52.109,2025-09-17T17:56:33.180Z
sensor.washing_machine_power,49.176,2025-09-17T17:56:38.231Z
sensor.washing_machine_power,5.264,2025-09-17T17:56:43.276Z
sensor.washing_machine_power,60.708,2025-09-17T17:56:48.326Z
sensor.washing_machine_power,66.962,2025-09-17T17:56:53.553Z
sensor.washing_machine_power,39.124,2025-09-17T17:56:58.409Z
sensor.washing_machine_power,50.373,2025-09-17T17:57:03.479Z
sensor.washing_machine_power,46.454,2025-09-17T17:57:08.532Z
sensor.washing_machine_power,4.686,2025-09-17T17:57:13.594Z
sensor.washing_machine_power,56.443,2025-09-17T17:57:18.651Z
sensor.washing_machine_power,44.697,2025-09-17T17:57:28.748Z
sensor.washing_machine_power,47.424,2025-09-17T17:57:38.885Z
sensor.washing_machine_power,4.749,2025-09-17T17:57:44.329Z
sensor.washing_machine_power,57.875,2025-09-17T17:57:48.946Z
sensor.washing_machine_power,54.3,2025-09-17T17:57:59.051Z
sensor.washing_machine_power,50.758,2025-09-17T17:58:04.190Z
sensor.washing_machine_power,47.049,2025-09-17T17:58:09.252Z
sensor.washing_machine_power,4.701,2025-09-17T17:58:14.220Z
sensor.washing_machine_power,42.248,2025-09-17T17:58:19.266Z
sensor.washing_machine_power,47.576,2025-09-17T17:58:24.322Z
sensor.washing_machine_power,51.715,2025-09-17T17:58:29.370Z
sensor.washing_machine_power,56.139,2025-09-17T17:58:34.424Z
sensor.washing_machine_power,32.123,2025-09-17T17:58:44.545Z
sensor.washing_machine_power,67.266,2025-09-17T17:58:49.821Z
sensor.washing_machine_power,44.736,2025-09-17T17:58:54.635Z
sensor.washing_machine_power,60.442,2025-09-17T17:59:04.710Z
sensor.washing_machine_power,48.012,2025-09-17T17:59:09.787Z
sensor.washing_machine_power,52.677,2025-09-17T17:59:14.846Z
sensor.washing_machine_power,63.751,2025-09-17T17:59:20.505Z
sensor.washing_machine_power,60.918,2025-09-17T17:59:25.261Z
sensor.washing_machine_power,52.562,2025-09-17T17:59:35.021Z
sensor.washing_machine_power,45.739,2025-09-17T17:59:40.093Z
sensor.washing_machine_power,40.857,2025-09-17T17:59:45.138Z
sensor.washing_machine_power,5.142,2025-09-17T17:59:50.195Z
sensor.washing_machine_power,48.121,2025-09-17T17:59:55.697Z
sensor.washing_machine_power,64.89,2025-09-17T18:00:00.377Z
sensor.washing_machine_power,54.527,2025-09-17T18:00:10.381Z
sensor.washing_machine_power,4.823,2025-09-17T18:00:20.495Z
sensor.washing_machine_power,45.251,2025-09-17T18:00:25.553Z
sensor.washing_machine_power,56.754,2025-09-17T18:00:30.814Z
sensor.washing_machine_power,52.091,2025-09-17T18:00:36.516Z
sensor.washing_machine_power,22.929,2025-09-17T18:00:40.722Z
sensor.washing_machine_power,58.174,2025-09-17T18:00:45.794Z
sensor.washing_machine_power,4.709,2025-09-17T18:00:50.808Z
sensor.washing_machine_power,57.958,2025-09-17T18:00:55.861Z
sensor.washing_machine_power,49.961,2025-09-17T18:01:00.906Z
sensor.washing_machine_power,63.896,2025-09-17T18:01:05.977Z
sensor.washing_machine_power,49.679,2025-09-17T18:01:16.839Z
sensor.washing_machine_power,4.864,2025-09-17T18:01:21.139Z
sensor.washing_machine_power,38.222,2025-09-17T18:01:26.169Z
sensor.washing_machine_power,49.506,2025-09-17T18:01:31.393Z
sensor.washing_machine_power,46.837,2025-09-17T18:01:36.282Z
sensor.washing_machine_power,66.899,2025-09-17T18:01:41.319Z
sensor.washing_machine_power,53.851,2025-09-17T18:01:46.385Z
sensor.washing_machine_power,41.219,2025-09-17T18:01:51.702Z
sensor.washing_machine_power,57.75,2025-09-17T18:01:56.495Z
sensor.washing_machine_power,53.511,2025-09-17T18:02:01.518Z
sensor.washing_machine_power,45.369,2025-09-17T18:02:11.616Z
sensor.washing_machine_power,58.577,2025-09-17T18:02:16.678Z
sensor.washing_machine_power,50.127,2025-09-17T18:02:21.737Z
sensor.washing_machine_power,11.097,2025-09-17T18:02:26.805Z
sensor.washing_machine_power,48.414,2025-09-17T18:02:31.846Z
sensor.washing_machine_power,55.446,2025-09-17T18:02:36.900Z
sensor.washing_machine_power,69.654,2025-09-17T18:02:41.950Z
sensor.washing_machine_power,61.673,2025-09-17T18:02:46.992Z
sensor.washing_machine_power,4.726,2025-09-17T18:02:52.043Z
sensor.washing_machine_power,85.155,2025-09-17T18:02:57.084Z
sensor.washing_machine_power,32.487,2025-09-17T18:03:02.139Z
sensor.washing_machine_power,21.376,2025-09-17T18:03:07.273Z
sensor.washing_machine_power,75.565,2025-09-17T18:03:12.357Z
sensor.washing_machine_power,62.792,2025-09-17T18:03:17.315Z
sensor.washing_machine_power,52.141,2025-09-17T18:03:27.392Z
sensor.washing_machine_power,19.811,2025-09-17T18:03:37.500Z
sensor.washing_machine_power,34.096,2025-09-17T18:03:42.567Z
sensor.washing_machine_power,46.4,2025-09-17T18:03:47.881Z
sensor.washing_machine_power,33.983,2025-09-17T18:03:52.663Z
sensor.washing_machine_power,210.236,2025-09-17T18:04:02.753Z
sensor.washing_machine_power,153.688,2025-09-17T18:04:07.824Z
sensor.washing_machine_power,303.149,2025-09-17T18:04:12.874Z
sensor.washing_machine_power,164.376,2025-09-17T18:04:17.934Z
sensor.washing_machine_power,101.852,2025-09-17T18:04:22.983Z
sensor.washing_machine_power,413.773,2025-09-17T18:04:28.039Z
sensor.washing_machine_power,480.379,2025-09-17T18:04:33.087Z
sensor.washing_machine_power,549.319,2025-09-17T18:04:34.215Z
sensor.washing_machine_power,349.501,2025-09-17T18:04:39.295Z
sensor.washing_machine_power,332.701,2025-09-17T18:05:25.884Z
sensor.washing_machine_power,19.721,2025-09-17T18:05:41.047Z
sensor.washing_machine_power,4.795,2025-09-17T18:05:51.134Z
sensor.washing_machine_power,16.584,2025-09-17T18:05:56.196Z
sensor.washing_machine_power,20.006,2025-09-17T18:06:01.239Z
sensor.washing_machine_power,12.113,2025-09-17T18:06:06.311Z
sensor.washing_machine_power,26.401,2025-09-17T18:06:11.354Z
sensor.washing_machine_power,18.221,2025-09-17T18:06:16.510Z
sensor.washing_machine_power,41.868,2025-09-17T18:06:21.456Z
sensor.washing_machine_power,33.057,2025-09-17T18:06:26.513Z
sensor.washing_machine_power,11.887,2025-09-17T18:06:31.559Z
sensor.washing_machine_power,32.464,2025-09-17T18:06:36.613Z
sensor.washing_machine_power,56.504,2025-09-17T18:06:41.673Z
sensor.washing_machine_power,14.639,2025-09-17T18:06:46.710Z
sensor.washing_machine_power,91.745,2025-09-17T18:06:51.997Z
sensor.washing_machine_power,12.516,2025-09-17T18:06:56.833Z
sensor.washing_machine_power,53.231,2025-09-17T18:07:01.839Z
sensor.washing_machine_power,73.457,2025-09-17T18:07:06.981Z
sensor.washing_machine_power,11.878,2025-09-17T18:07:11.979Z
sensor.washing_machine_power,106.029,2025-09-17T18:07:17.014Z
sensor.washing_machine_power,93.101,2025-09-17T18:07:22.067Z
sensor.washing_machine_power,26.459,2025-09-17T18:07:27.731Z
sensor.washing_machine_power,110.705,2025-09-17T18:07:32.163Z
sensor.washing_machine_power,12.021,2025-09-17T18:07:37.223Z
sensor.washing_machine_power,95.847,2025-09-17T18:07:42.258Z
sensor.washing_machine_power,4.775,2025-09-17T18:07:52.356Z
sensor.washing_machine_power,96.857,2025-09-17T18:07:57.426Z
sensor.washing_machine_power,42.793,2025-09-17T18:08:07.586Z
sensor.washing_machine_power,103.958,2025-09-17T18:08:12.616Z
sensor.washing_machine_power,4.794,2025-09-17T18:08:17.912Z
sensor.washing_machine_power,99.757,2025-09-17T18:08:23.005Z
sensor.washing_machine_power,4.701,2025-09-17T18:08:32.776Z
sensor.washing_machine_power,91.794,2025-09-17T18:08:37.856Z
sensor.washing_machine_power,42.219,2025-09-17T18:08:47.950Z
sensor.washing_machine_power,103.547,2025-09-17T18:08:53.123Z
sensor.washing_machine_power,4.694,2025-09-17T18:08:58.025Z
sensor.washing_machine_power,102.612,2025-09-17T18:09:03.313Z
sensor.washing_machine_power,4.748,2025-09-17T18:09:13.178Z
sensor.washing_machine_power,96.773,2025-09-17T18:09:18.247Z
sensor.washing_machine_power,92.881,2025-09-17T18:09:23.367Z
sensor.washing_machine_power,51.258,2025-09-17T18:09:28.350Z
sensor.washing_machine_power,102.73,2025-09-17T18:09:33.401Z
sensor.washing_machine_power,4.744,2025-09-17T18:09:38.445Z
sensor.washing_machine_power,103.468,2025-09-17T18:09:43.507Z
sensor.washing_machine_power,114.974,2025-09-17T18:09:48.550Z
sensor.washing_machine_power,4.77,2025-09-17T18:09:53.600Z
sensor.washing_machine_power,94.68,2025-09-17T18:09:58.635Z
sensor.washing_machine_power,54.451,2025-09-17T18:10:08.736Z
sensor.washing_machine_power,96.264,2025-09-17T18:10:13.901Z
sensor.washing_machine_power,4.764,2025-09-17T18:10:18.855Z
sensor.washing_machine_power,95.468,2025-09-17T18:10:23.903Z
sensor.washing_machine_power,4.79,2025-09-17T18:10:33.998Z
sensor.washing_machine_power,96.582,2025-09-17T18:10:39.065Z
sensor.washing_machine_power,149.526,2025-09-17T18:10:49.271Z
sensor.washing_machine_power,94.832,2025-09-17T18:10:54.220Z
sensor.washing_machine_power,4.713,2025-09-17T18:10:59.254Z
sensor.washing_machine_power,87.247,2025-09-17T18:11:04.325Z
sensor.washing_machine_power,94.629,2025-09-17T18:11:09.373Z
sensor.washing_machine_power,4.641,2025-09-17T18:11:14.427Z
sensor.washing_machine_power,94.71,2025-09-17T18:11:19.867Z
sensor.washing_machine_power,159.112,2025-09-17T18:11:29.576Z
sensor.washing_machine_power,94.439,2025-09-17T18:11:34.632Z
sensor.washing_machine_power,4.778,2025-09-17T18:11:39.684Z
sensor.washing_machine_power,90.292,2025-09-17T18:11:44.724Z
sensor.washing_machine_power,96.883,2025-09-17T18:11:49.773Z
sensor.washing_machine_power,133.405,2025-09-17T18:11:55.062Z
sensor.washing_machine_power,98.706,2025-09-17T18:12:00.034Z
sensor.washing_machine_power,77.813,2025-09-17T18:12:04.953Z
sensor.washing_machine_power,32.652,2025-09-17T18:12:09.984Z
sensor.washing_machine_power,102.934,2025-09-17T18:12:15.027Z
sensor.washing_machine_power,87.54,2025-09-17T18:12:20.080Z
sensor.washing_machine_power,32.09,2025-09-17T18:12:25.131Z
sensor.washing_machine_power,4.693,2025-09-17T18:12:30.338Z
sensor.washing_machine_power,84.67,2025-09-17T18:12:35.271Z
sensor.washing_machine_power,41.348,2025-09-17T18:12:40.538Z
sensor.washing_machine_power,37.24,2025-09-17T18:12:45.342Z
sensor.washing_machine_power,46.137,2025-09-17T18:12:50.386Z
sensor.washing_machine_power,41.553,2025-09-17T18:12:55.439Z
sensor.washing_machine_power,20.519,2025-09-17T18:13:00.481Z
sensor.washing_machine_power,33.405,2025-09-17T18:13:05.550Z
sensor.washing_machine_power,56.497,2025-09-17T18:13:10.613Z
sensor.washing_machine_power,84.044,2025-09-17T18:13:16.203Z
sensor.washing_machine_power,45.642,2025-09-17T18:13:20.691Z
sensor.washing_machine_power,4.668,2025-09-17T18:13:25.741Z
sensor.washing_machine_power,47.195,2025-09-17T18:13:30.796Z
sensor.washing_machine_power,4.696,2025-09-17T18:13:35.867Z
sensor.washing_machine_power,28.042,2025-09-17T18:13:40.912Z
sensor.washing_machine_power,30.205,2025-09-17T18:13:46.013Z
sensor.washing_machine_power,46.629,2025-09-17T18:13:51.011Z
sensor.washing_machine_power,23.883,2025-09-17T18:13:56.065Z
sensor.washing_machine_power,20.027,2025-09-17T18:14:01.087Z
sensor.washing_machine_power,44.078,2025-09-17T18:14:06.160Z
sensor.washing_machine_power,4.772,2025-09-17T18:14:11.212Z
sensor.washing_machine_power,42.174,2025-09-17T18:14:16.261Z
sensor.washing_machine_power,52.031,2025-09-17T18:14:21.441Z
sensor.washing_machine_power,36.171,2025-09-17T18:14:26.404Z
sensor.washing_machine_power,31.602,2025-09-17T18:14:31.418Z
sensor.washing_machine_power,54.068,2025-09-17T18:14:36.474Z
sensor.washing_machine_power,155.428,2025-09-17T18:14:41.531Z
sensor.washing_machine_power,291.254,2025-09-17T18:14:46.558Z
sensor.washing_machine_power,175.475,2025-09-17T18:14:51.609Z
sensor.washing_machine_power,347.115,2025-09-17T18:14:56.662Z
sensor.washing_machine_power,471.739,2025-09-17T18:15:01.709Z
sensor.washing_machine_power,422.927,2025-09-17T18:15:02.852Z
sensor.washing_machine_power,517.049,2025-09-17T18:15:07.927Z
sensor.washing_machine_power,379.998,2025-09-17T18:15:12.967Z
sensor.washing_machine_power,360.908,2025-09-17T18:15:33.178Z
sensor.washing_machine_power,19.599,2025-09-17T18:16:13.573Z
sensor.washing_machine_power,4.666,2025-09-17T18:16:24.821Z
sensor.washing_machine_power,38.901,2025-09-17T18:16:34.932Z
sensor.washing_machine_power,19.621,2025-09-17T18:16:39.983Z
sensor.washing_machine_power,29.715,2025-09-17T18:16:45.039Z
sensor.washing_machine_power,34.101,2025-09-17T18:16:50.101Z
sensor.washing_machine_power,4.725,2025-09-17T18:16:55.137Z
sensor.washing_machine_power,27.729,2025-09-17T18:17:00.175Z
sensor.washing_machine_power,65.419,2025-09-17T18:17:10.285Z
sensor.washing_machine_power,45.7,2025-09-17T18:17:15.336Z
sensor.washing_machine_power,19.498,2025-09-17T18:17:20.415Z
sensor.washing_machine_power,57.283,2025-09-17T18:17:25.714Z
sensor.washing_machine_power,39.096,2025-09-17T18:17:30.497Z
sensor.washing_machine_power,11.923,2025-09-17T18:17:35.555Z
sensor.washing_machine_power,63.82,2025-09-17T18:17:40.595Z
sensor.washing_machine_power,69.967,2025-09-17T18:17:45.674Z
sensor.washing_machine_power,85.851,2025-09-17T18:17:50.697Z
sensor.washing_machine_power,11.939,2025-09-17T18:18:00.777Z
sensor.washing_machine_power,92.221,2025-09-17T18:18:05.897Z
sensor.washing_machine_power,106.595,2025-09-17T18:18:10.907Z
sensor.washing_machine_power,11.908,2025-09-17T18:18:15.949Z
sensor.washing_machine_power,113.152,2025-09-17T18:18:21.004Z
sensor.washing_machine_power,65.863,2025-09-17T18:18:26.049Z
sensor.washing_machine_power,116.136,2025-09-17T18:18:31.110Z
sensor.washing_machine_power,93.429,2025-09-17T18:18:36.173Z
sensor.washing_machine_power,4.761,2025-09-17T18:18:41.208Z
sensor.washing_machine_power,106.265,2025-09-17T18:18:46.254Z
sensor.washing_machine_power,97.539,2025-09-17T18:18:51.302Z
sensor.washing_machine_power,4.728,2025-09-17T18:18:56.357Z
sensor.washing_machine_power,103.763,2025-09-17T18:19:01.390Z
sensor.washing_machine_power,71.307,2025-09-17T18:19:06.458Z
sensor.washing_machine_power,115.49,2025-09-17T18:19:11.531Z
sensor.washing_machine_power,98.847,2025-09-17T18:19:16.630Z
sensor.washing_machine_power,4.735,2025-09-17T18:19:21.926Z
sensor.washing_machine_power,105.292,2025-09-17T18:19:26.681Z
sensor.washing_machine_power,96.037,2025-09-17T18:19:31.732Z
sensor.washing_machine_power,4.784,2025-09-17T18:19:36.787Z
sensor.washing_machine_power,91.396,2025-09-17T18:19:41.799Z
sensor.washing_machine_power,84.553,2025-09-17T18:19:46.865Z
sensor.washing_machine_power,105.369,2025-09-17T18:19:51.921Z
sensor.washing_machine_power,87.387,2025-09-17T18:19:57.316Z
sensor.washing_machine_power,4.73,2025-09-17T18:20:02.100Z
sensor.washing_machine_power,102.436,2025-09-17T18:20:07.078Z
sensor.washing_machine_power,108.418,2025-09-17T18:20:12.143Z
sensor.washing_machine_power,4.525,2025-09-17T18:20:17.180Z
sensor.washing_machine_power,90.319,2025-09-17T18:20:22.232Z
sensor.washing_machine_power,7.669,2025-09-17T18:20:27.277Z
sensor.washing_machine_power,106.872,2025-09-17T18:20:32.577Z
sensor.washing_machine_power,96.89,2025-09-17T18:20:37.390Z
sensor.washing_machine_power,4.822,2025-09-17T18:20:42.434Z
sensor.washing_machine_power,95.528,2025-09-17T18:20:47.482Z
sensor.washing_machine_power,4.826,2025-09-17T18:20:57.589Z
sensor.washing_machine_power,105.865,2025-09-17T18:21:02.635Z
sensor.washing_machine_power,13.646,2025-09-17T18:21:07.855Z
sensor.washing_machine_power,113.136,2025-09-17T18:21:12.784Z
sensor.washing_machine_power,93.06,2025-09-17T18:21:17.786Z
sensor.washing_machine_power,4.626,2025-09-17T18:21:22.846Z
sensor.washing_machine_power,90.175,2025-09-17T18:21:27.890Z
sensor.washing_machine_power,105.135,2025-09-17T18:21:32.951Z
sensor.washing_machine_power,6.961,2025-09-17T18:21:37.993Z
sensor.washing_machine_power,100.395,2025-09-17T18:21:43.038Z
sensor.washing_machine_power,14.753,2025-09-17T18:21:49.875Z
sensor.washing_machine_power,97.366,2025-09-17T18:21:53.189Z
sensor.washing_machine_power,4.83,2025-09-17T18:22:03.252Z
sensor.washing_machine_power,99.427,2025-09-17T18:22:08.318Z
sensor.washing_machine_power,93.776,2025-09-17T18:22:13.360Z
sensor.washing_machine_power,5.591,2025-09-17T18:22:18.407Z
sensor.washing_machine_power,107.12,2025-09-17T18:22:23.473Z
sensor.washing_machine_power,4.866,2025-09-17T18:22:28.528Z
sensor.washing_machine_power,26.046,2025-09-17T18:22:33.571Z
sensor.washing_machine_power,32.855,2025-09-17T18:22:38.618Z
sensor.washing_machine_power,5.042,2025-09-17T18:23:09.346Z
sensor.washing_machine_power,20.978,2025-09-17T18:23:13.964Z
sensor.washing_machine_power,74.536,2025-09-17T18:23:44.544Z
sensor.washing_machine_power,25.821,2025-09-17T18:23:49.634Z
sensor.washing_machine_power,33.521,2025-09-17T18:23:54.501Z
sensor.washing_machine_power,52.503,2025-09-17T18:23:59.463Z
sensor.washing_machine_power,34.072,2025-09-17T18:24:04.496Z
sensor.washing_machine_power,20.498,2025-09-17T18:24:19.613Z
sensor.washing_machine_power,49.116,2025-09-17T18:24:24.675Z
sensor.washing_machine_power,72.024,2025-09-17T18:24:30.036Z
sensor.washing_machine_power,35.615,2025-09-17T18:24:34.802Z
sensor.washing_machine_power,52.94,2025-09-17T18:24:39.862Z
sensor.washing_machine_power,23.933,2025-09-17T18:24:44.915Z
sensor.washing_machine_power,11.287,2025-09-17T18:24:49.952Z
sensor.washing_machine_power,9.277,2025-09-17T18:24:55.075Z
sensor.washing_machine_power,46.399,2025-09-17T18:25:00.053Z
sensor.washing_machine_power,4.676,2025-09-17T18:25:05.097Z
sensor.washing_machine_power,85.228,2025-09-17T18:25:10.167Z
sensor.washing_machine_power,56.424,2025-09-17T18:25:15.215Z
sensor.washing_machine_power,19.834,2025-09-17T18:25:20.331Z
sensor.washing_machine_power,49.773,2025-09-17T18:25:25.310Z
sensor.washing_machine_power,4.729,2025-09-17T18:25:30.369Z
sensor.washing_machine_power,39.012,2025-09-17T18:25:35.407Z
sensor.washing_machine_power,4.753,2025-09-17T18:25:40.511Z
sensor.washing_machine_power,82.836,2025-09-17T18:25:45.518Z
sensor.washing_machine_power,53.998,2025-09-17T18:25:50.565Z
sensor.washing_machine_power,159.34,2025-09-17T18:26:00.646Z
sensor.washing_machine_power,216.195,2025-09-17T18:26:05.712Z
sensor.washing_machine_power,34.374,2025-09-17T18:26:10.779Z
sensor.washing_machine_power,4.673,2025-09-17T18:26:15.820Z
sensor.washing_machine_power,23.065,2025-09-17T18:26:25.903Z
sensor.washing_machine_power,26.151,2025-09-17T18:26:36.013Z
sensor.washing_machine_power,4.769,2025-09-17T18:26:41.080Z
sensor.washing_machine_power,52.313,2025-09-17T18:26:46.135Z
sensor.washing_machine_power,48.342,2025-09-17T18:26:51.406Z
sensor.washing_machine_power,37.498,2025-09-17T18:26:56.230Z
sensor.washing_machine_power,20.139,2025-09-17T18:27:01.264Z
sensor.washing_machine_power,27.554,2025-09-17T18:27:06.332Z
sensor.washing_machine_power,4.75,2025-09-17T18:27:11.381Z
sensor.washing_machine_power,31.909,2025-09-17T18:27:16.441Z
sensor.washing_machine_power,21.939,2025-09-17T18:27:21.505Z
sensor.washing_machine_power,41.473,2025-09-17T18:27:26.582Z
sensor.washing_machine_power,38.163,2025-09-17T18:27:32.058Z
sensor.washing_machine_power,43.192,2025-09-17T18:27:36.654Z
sensor.washing_machine_power,310.838,2025-09-17T18:27:41.698Z
sensor.washing_machine_power,183.821,2025-09-17T18:27:46.751Z
sensor.washing_machine_power,483.958,2025-09-17T18:27:56.858Z
sensor.washing_machine_power,422.28,2025-09-17T18:27:57.985Z
sensor.washing_machine_power,480.648,2025-09-17T18:28:03.070Z
sensor.washing_machine_power,581.36,2025-09-17T18:28:08.144Z
sensor.washing_machine_power,368.266,2025-09-17T18:28:13.154Z
sensor.washing_machine_power,462.481,2025-09-17T18:28:18.198Z
sensor.washing_machine_power,440.168,2025-09-17T18:28:38.398Z
sensor.washing_machine_power,423.483,2025-09-17T18:29:23.859Z
sensor.washing_machine_power,402.827,2025-09-17T18:32:10.548Z
sensor.washing_machine_power,20.242,2025-09-17T18:32:20.650Z
sensor.washing_machine_power,4.791,2025-09-17T18:32:31.914Z
sensor.washing_machine_power,15.959,2025-09-17T18:32:36.972Z
sensor.washing_machine_power,20.185,2025-09-17T18:32:42.060Z
sensor.washing_machine_power,4.698,2025-09-17T18:32:47.083Z
sensor.washing_machine_power,16.078,2025-09-17T18:32:52.124Z
sensor.washing_machine_power,19.227,2025-09-17T18:32:57.174Z
sensor.washing_machine_power,5.015,2025-09-17T18:33:07.273Z
sensor.washing_machine_power,21.534,2025-09-17T18:33:17.397Z
sensor.washing_machine_power,5.123,2025-09-17T18:33:22.445Z
sensor.washing_machine_power,17.552,2025-09-17T18:33:32.527Z
sensor.washing_machine_power,5.069,2025-09-17T18:33:37.605Z
sensor.washing_machine_power,17.406,2025-09-17T18:33:42.644Z
sensor.washing_machine_power,5.023,2025-09-17T18:33:47.766Z
sensor.washing_machine_power,50.034,2025-09-17T18:33:52.747Z
sensor.washing_machine_power,4.951,2025-09-17T18:33:57.791Z
sensor.washing_machine_power,17.166,2025-09-17T18:34:18.410Z
sensor.washing_machine_power,5.043,2025-09-17T18:34:23.043Z
sensor.washing_machine_power,17.745,2025-09-17T18:34:28.099Z
sensor.washing_machine_power,5.252,2025-09-17T18:34:33.301Z
sensor.washing_machine_power,57.192,2025-09-17T18:34:38.347Z
sensor.washing_machine_power,5.042,2025-09-17T18:34:43.267Z
sensor.washing_machine_power,17.764,2025-09-17T18:35:03.445Z
sensor.washing_machine_power,5.074,2025-09-17T18:35:08.524Z
sensor.washing_machine_power,17.389,2025-09-17T18:35:13.562Z
sensor.washing_machine_power,5.389,2025-09-17T18:35:18.638Z
sensor.washing_machine_power,57.724,2025-09-17T18:35:23.661Z
sensor.washing_machine_power,5.018,2025-09-17T18:35:28.722Z
sensor.washing_machine_power,8.385,2025-09-17T18:35:38.845Z
sensor.washing_machine_power,4.829,2025-09-17T18:35:46.160Z
sensor.washing_machine_power,17.024,2025-09-17T18:35:48.930Z
sensor.washing_machine_power,4.983,2025-09-17T18:35:53.972Z
sensor.washing_machine_power,17.26,2025-09-17T18:35:59.028Z
sensor.washing_machine_power,5.233,2025-09-17T18:36:04.084Z
sensor.washing_machine_power,30.525,2025-09-17T18:36:09.186Z
sensor.washing_machine_power,4.965,2025-09-17T18:36:14.197Z
sensor.washing_machine_power,12.495,2025-09-17T18:36:24.257Z
sensor.washing_machine_power,4.991,2025-09-17T18:36:29.331Z
sensor.washing_machine_power,17.865,2025-09-17T18:36:34.393Z
sensor.washing_machine_power,5.01,2025-09-17T18:36:39.437Z
sensor.washing_machine_power,17.664,2025-09-17T18:36:44.516Z
sensor.washing_machine_power,5.013,2025-09-17T18:36:49.538Z
sensor.washing_machine_power,59.694,2025-09-17T18:36:54.621Z
sensor.washing_machine_power,4.982,2025-09-17T18:36:59.630Z
sensor.washing_machine_power,16.393,2025-09-17T18:37:09.732Z
sensor.washing_machine_power,5.061,2025-09-17T18:37:14.799Z
sensor.washing_machine_power,16.273,2025-09-17T18:37:19.918Z
sensor.washing_machine_power,5.016,2025-09-17T18:37:24.968Z
sensor.washing_machine_power,17.476,2025-09-17T18:37:29.963Z
sensor.washing_machine_power,4.837,2025-09-17T18:37:34.999Z
sensor.washing_machine_power,65.916,2025-09-17T18:37:40.055Z
sensor.washing_machine_power,4.984,2025-09-17T18:37:45.079Z
sensor.washing_machine_power,17.327,2025-09-17T18:37:55.209Z
sensor.washing_machine_power,5.111,2025-09-17T18:38:00.254Z
sensor.washing_machine_power,17.236,2025-09-17T18:38:05.339Z
sensor.washing_machine_power,5.007,2025-09-17T18:38:10.359Z
sensor.washing_machine_power,17.586,2025-09-17T18:38:15.423Z
sensor.washing_machine_power,64.2,2025-09-17T18:38:20.463Z
sensor.washing_machine_power,4.894,2025-09-17T18:38:25.514Z
sensor.washing_machine_power,19.475,2025-09-17T18:39:26.133Z
sensor.washing_machine_power,5.042,2025-09-17T18:39:31.192Z
sensor.washing_machine_power,15.764,2025-09-17T18:40:01.491Z
sensor.washing_machine_power,5.014,2025-09-17T18:40:06.554Z
sensor.washing_machine_power,44.126,2025-09-17T18:40:31.800Z
sensor.washing_machine_power,5.066,2025-09-17T18:40:36.859Z
sensor.washing_machine_power,17.394,2025-09-17T18:41:07.157Z
sensor.washing_machine_power,5.02,2025-09-17T18:41:12.223Z
sensor.washing_machine_power,19.254,2025-09-17T18:42:12.830Z
sensor.washing_machine_power,5.398,2025-09-17T18:42:18.044Z
sensor.washing_machine_power,16.086,2025-09-17T18:42:48.180Z
sensor.washing_machine_power,5.07,2025-09-17T18:42:53.281Z
sensor.washing_machine_power,27.284,2025-09-17T18:43:18.484Z
sensor.washing_machine_power,4.598,2025-09-17T18:43:23.557Z
sensor.washing_machine_power,17.537,2025-09-17T18:43:53.840Z
sensor.washing_machine_power,4.799,2025-09-17T18:43:58.898Z
sensor.washing_machine_power,4.619,2025-09-17T18:44:29.220Z
sensor.washing_machine_power,19.544,2025-09-17T18:44:59.512Z
sensor.washing_machine_power,5.144,2025-09-17T18:45:04.589Z
sensor.washing_machine_power,17.341,2025-09-17T18:45:34.888Z
sensor.washing_machine_power,4.58,2025-09-17T18:45:40.032Z
sensor.washing_machine_power,17.834,2025-09-17T18:46:40.561Z
sensor.washing_machine_power,4.682,2025-09-17T18:46:45.623Z
sensor.washing_machine_power,59.371,2025-09-17T18:47:46.306Z
sensor.washing_machine_power,4.707,2025-09-17T18:47:51.333Z
sensor.washing_machine_power,17.336,2025-09-17T18:48:21.575Z
sensor.washing_machine_power,4.761,2025-09-17T18:48:26.651Z
sensor.washing_machine_power,18.282,2025-09-17T18:49:27.248Z
sensor.washing_machine_power,4.665,2025-09-17T18:49:32.323Z
sensor.washing_machine_power,14.65,2025-09-17T18:50:02.602Z
sensor.washing_machine_power,4.744,2025-09-17T18:50:07.684Z
sensor.washing_machine_power,47.592,2025-09-17T18:50:32.926Z
sensor.washing_machine_power,4.811,2025-09-17T18:50:37.994Z
sensor.washing_machine_power,16.64,2025-09-17T18:51:08.296Z
sensor.washing_machine_power,4.867,2025-09-17T18:51:13.357Z
sensor.washing_machine_power,0.314,2025-09-17T18:53:14.582Z
sensor.washing_machine_power,0.315,2025-09-17T18:54:35.457Z
sensor.washing_machine_power,0.32,2025-09-17T18:59:38.707Z
sensor.washing_machine_power,0.315,2025-09-17T19:04:41.692Z
sensor.washing_machine_power,0.314,2025-09-17T19:09:44.719Z
sensor.washing_machine_power,0.315,2025-09-17T19:14:47.833Z
sensor.washing_machine_power,0.294,2025-09-17T19:19:50.944Z
sensor.washing_machine_power,0.314,2025-09-17T19:24:54.050Z
sensor.washing_machine_power,0.308,2025-09-17T19:29:57.199Z
